,tenure,MonthlyCharges
0,0.20570945605005522,0.6260510247210006
1,0.14552478040648792,0.14342438283066594
2,0.8160934291581109,0.7433264887063656
3,0.7513888888888889,0.15990952543530212
